[
  {
    "id": 1,
    "name": "bulbasaur",
    "img": "https://raw.githubusercontent.com/PokeAPI/sprites/master/sprites/pokemon/other/official-artwork/1.png"
  },
  {
    "id": 2,
    "name": "ivysaur",
    "img": "https://raw.githubusercontent.com/PokeAPI/sprites/master/sprites/pokemon/other/official-artwork/2.png"
  },
  {
    "id": 3,
    "name": "venusaur",
    "img": "https://raw.githubusercontent.com/PokeAPI/sprites/master/sprites/pokemon/other/official-artwork/3.png"
  },
  {
    "id": 4,
    "name": "charmander",
    "img": "https://raw.githubusercontent.com/PokeAPI/sprites/master/sprites/pokemon/other/official-artwork/4.png"
  },
  {
    "id": 5,
    "name": "charmeleon",
    "img": "https://raw.githubusercontent.com/PokeAPI/sprites/master/sprites/pokemon/other/official-artwork/5.png"
  },
  {
    "id": 6,
    "name": "charizard",
    "img": "https://raw.githubusercontent.com/PokeAPI/sprites/master/sprites/pokemon/other/official-artwork/6.png"
  },
  {
    "id": 7,
    "name": "squirtle",
    "img": "https://raw.githubusercontent.com/PokeAPI/sprites/master/sprites/pokemon/other/official-artwork/7.png"
  },
  {
    "id": 8,
    "name": "wartortle",
    "img": "https://raw.githubusercontent.com/PokeAPI/sprites/master/sprites/pokemon/other/official-artwork/8.png"
  },
  {
    "id": 9,
    "name": "blastoise",
    "img": "https://raw.githubusercontent.com/PokeAPI/sprites/master/sprites/pokemon/other/official-artwork/9.png"
  },
  {
    "id": 150,
    "name": "mewtwo",
    "img": "https://img.pokemondb.net/sprites/home/normal/2x/avif/mewtwo.avif"
  }
]
